<?xml version="1.0" encoding="UTF-8" ?>
<odoo>
    <!-- This is cron job used for send Vehicle Rent email -->
    <record id="send_vehicle_rent_recurring_email_notification" model="ir.cron">
        <field name="name">Send Vehicle Rent Recurring Email Notification</field>
        <field name="state">code</field>
        <field name="code">model.rent_remainder_cron()</field>
        <field name="interval_number">1</field>
        <field name="interval_type">days</field>
        <field name="numbercall">-1</field>
        <field name="nextcall" eval="DateTime.now().strftime('%Y-%m-%d 12:00:00')" />
        <field name="doall" eval="False" />
        <field name="model_id" ref="fleet_rent.model_tenancy_rent_schedule" />
    </record>

</odoo>
